user_input,retrieved_contexts,response,reference,faithfulness,answer_relevancy,context_precision,context_recall
What is the objective of the Attendance Policy?,"['Objective:  The objective of the Attendance Policy is to give provision to the employees to balance their personal as well as professional life.    Purpose:   The purpose of the attendance policy is to ensure consistent employee presence and punctuality, promoting productivity and accountability.', 'Objective:  The objective of the Attendance Policy is to give provision to the employees to balance their personal as well as professional life.    Purpose:   The purpose of the attendance policy is to ensure consistent employee presence and punctuality, promoting productivity and accountability. It establishes clear expectations and helps manage attendance effectively. Eligibility:  The', 'promoting productivity and accountability. It establishes clear expectations and helps manage attendance effectively. Eligibility:  The Attendance policy is applicable to all the regular employees (Professional Staff & Labor Staff) of the company.  Punctuality:   Punctuality is one of the basic', 'The objective of the Leave Policy is to give provision to the employees to balance their personal as well as \nemployees is to lay guidelines regarding when to avail leave and the process \nto take leave with pay, leave without pay, Leave of absence policy and so on. \nThe Leave policy is applicable to all the regular employees of the company.', 'ANY ACT OF DIVULGENCE SHALL BE VIEWED VERY SERIOUSLY AND SHALL WARRANT DISCIPLINARY \nThe objective of the Leave Policy is to give provision to the employees to balance their personal as well as \nemployees is to lay guidelines regarding when to avail leave and the process', ""manage attendance effectively. Eligibility:  The Attendance policy is applicable to all the regular employees (Professional Staff & Labor Staff) of the company.  Punctuality:   Punctuality is one of the basic rules of office / Working Area discipline, which needs to be meticulously observed by all employees of the Company. Office timings are as follows. These timings may be changed by the MONIT's""]",The objective of the Attendance Policy is to give provision to the employees to balance their personal as well as professional life.,The objective is to give employees provision to balance their personal as well as professional life.,0.3333333333333333,1.0,0.99999999995,1.0
Who is eligible under the Attendance Policy?,"['Attendance Policy Issue # 1 Effective From                            November 1, 2024  \n THIS DOCUMENT PROVIDES GUIDANCE AND IS EXCLUSIVELY FOR USE BY THE STAFF MEMBERS OF MONIT PRIVATE LIMITED. ANY ACT OF DIVULGENCE SHALL BE VIEWED VERY SERIOUSLY AND SHALL WARRANT DISCIPLINARY ACTION.', 'promoting productivity and accountability. It establishes clear expectations and helps manage attendance effectively. Eligibility:  The Attendance policy is applicable to all the regular employees (Professional Staff & Labor Staff) of the company.  Punctuality:   Punctuality is one of the basic', 'Objective:  The objective of the Attendance Policy is to give provision to the employees to balance their personal as well as professional life.    Purpose:   The purpose of the attendance policy is to ensure consistent employee presence and punctuality, promoting productivity and accountability. It establishes clear expectations and helps manage attendance effectively. Eligibility:  The', 'Objective:  The objective of the Attendance Policy is to give provision to the employees to balance their personal as well as professional life.    Purpose:   The purpose of the attendance policy is to ensure consistent employee presence and punctuality, promoting productivity and accountability.', 'the business demands. \n\uf0b7 The calendar year for leave is from \n\uf0b7 Employees will be eligible for Sick and Casual Leave only after completion of probationary period. \nOn confirmation, Sick and Casual leave (s) will be credited to employees account as per the date of \nconfirmation (Pro-rate).']",The Attendance Policy is applicable to **all regular employees (Professional Staff & Labor Staff)** of MONIT PRIVATE LIMITED.,"The Attendance Policy applies to all regular employees, including Professional Staff and Labor Staff.",1.0,0.8694729776301324,0.49999999995,1.0
What are the office hours from Monday to Thursday?,"['may be required to work outside their normal working hours depending upon the demands of their job role. \uf0b7 In case of Official Duty (Out of the office) or Work from home (WFH), employee needs to inform your supervisor and HR day before the meeting or plan of WFH via ESS. \uf0b7 Employees are allowed to', ""These timings may be changed by the MONIT's management to comply with governmental regulations*(Exceptional Enforcements like COVID and day light Savings).  All professional & labor employees are expected to work as per the following schedule:   Days Office Hours Lunch & Prayers Hours Monday-Thursday 09:00 am-06:00pm 1:00 pm-2:00pm Friday 09:00 am-06:00pm 1:00 pm-2:30pm Saturday (For Operations"", ""Punctuality:   Punctuality is one of the basic rules of office / Working Area discipline, which needs to be meticulously observed by all employees of the Company. Office timings are as follows. These timings may be changed by the MONIT's management to comply with governmental"", '1:00 pm-2:30pm Saturday (For Operations Department) 10:00 am-5:00pm 1:00 pm-2:00pm  Excluding the technicians in the Technical Section, whose as their roles necessitate flexible hours throughout a 24-hour period. Guidelines for Attendance Policy: \uf0b7 Employee review their monthly attendance through Employee Self Service portal.  \uf0b7 Each employee verifies the system generated attendance sheet. \uf0b7 In', 'are taken where necessary.   Daily Timings (Check-In) :  \uf0b7 Official Working Hours are from 09:00 hours with the grace of 30 minutes until 09:30 hours.  \uf0b7 In case of late arrival, employee is required to justify their delay via email, otherwise it will be considered as late arrival.  \uf0b7 More than 03', ""manage attendance effectively. Eligibility:  The Attendance policy is applicable to all the regular employees (Professional Staff & Labor Staff) of the company.  Punctuality:   Punctuality is one of the basic rules of office / Working Area discipline, which needs to be meticulously observed by all employees of the Company. Office timings are as follows. These timings may be changed by the MONIT's""]",The office hours from Monday to Thursday are **09:00 am - 06:00 pm**.,"Monday to Thursday office hours are 09:00 am to 06:00 pm, with lunch and prayers from 1:00 pm to 2:00 pm.",1.0,1.0000000000000002,0.49999999995,1.0
What are the office hours on Friday?,"['to leave the office maximum by 7:00 pm but in no case later than 08:00 pm on normal business days, and by 6:00 PM on Saturdays (weekends).  \uf0b7 However, where regular late sitting becomes necessary for business, duties are to be rotated                     inter-department rather than over-burdening', ""These timings may be changed by the MONIT's management to comply with governmental regulations*(Exceptional Enforcements like COVID and day light Savings).  All professional & labor employees are expected to work as per the following schedule:   Days Office Hours Lunch & Prayers Hours Monday-Thursday 09:00 am-06:00pm 1:00 pm-2:00pm Friday 09:00 am-06:00pm 1:00 pm-2:30pm Saturday (For Operations"", ""Punctuality:   Punctuality is one of the basic rules of office / Working Area discipline, which needs to be meticulously observed by all employees of the Company. Office timings are as follows. These timings may be changed by the MONIT's management to comply with governmental"", '1:00 pm-2:30pm Saturday (For Operations Department) 10:00 am-5:00pm 1:00 pm-2:00pm  Excluding the technicians in the Technical Section, whose as their roles necessitate flexible hours throughout a 24-hour period. Guidelines for Attendance Policy: \uf0b7 Employee review their monthly attendance through Employee Self Service portal.  \uf0b7 Each employee verifies the system generated attendance sheet. \uf0b7 In', 'plan of WFH via ESS. \uf0b7 Employees are allowed to work remotely for 4 days per month upon the approval of manager. \uf0b7 Unused WFH days cannot be carried over to the next month or year.  Late Sittings:   \uf0b7 It is recommended that all employees should endeavor to leave the office maximum by 7:00 pm but in', 'performance via ESS. \n\uf0b7 Employees will receive written approval or denial with of their request within a day through ESS. \n\uf0b7 WFH can be avail on any working day except Monday and Friday. \nData Security and Technology Requirements: \n \n\uf0b7 Employees must ensure they have access to a secure internet connection and comply with the company’s cyber \nsecurity protocols while working remotely.']",The office hours on Friday are **9:00 am - 6:00 pm**.,"Friday office hours are 09:00 am to 06:00 pm, with lunch and prayers from 1:00 pm to 2:30 pm.",1.0,1.0000000000000002,0.49999999995,1.0
What are the Saturday working hours for the Operations Department?,"['Monday-Thursday 09:00 am-06:00pm 1:00 pm-2:00pm Friday 09:00 am-06:00pm 1:00 pm-2:30pm Saturday (For Operations Department) 10:00 am-5:00pm 1:00 pm-2:00pm  Excluding the technicians in the Technical Section, whose as their roles necessitate flexible hours throughout a 24-hour period. Guidelines for', '1:00 pm-2:30pm Saturday (For Operations Department) 10:00 am-5:00pm 1:00 pm-2:00pm  Excluding the technicians in the Technical Section, whose as their roles necessitate flexible hours throughout a 24-hour period. Guidelines for Attendance Policy: \uf0b7 Employee review their monthly attendance through Employee Self Service portal.  \uf0b7 Each employee verifies the system generated attendance sheet. \uf0b7 In', 'Performance and Availability: \n\uf0b7 Employees are expected to maintain full availability during their regular working hours while working remotely, \nand must be responsive through company communication channels (e.g., email, Slack, phone).', ""These timings may be changed by the MONIT's management to comply with governmental regulations*(Exceptional Enforcements like COVID and day light Savings).  All professional & labor employees are expected to work as per the following schedule:   Days Office Hours Lunch & Prayers Hours Monday-Thursday 09:00 am-06:00pm 1:00 pm-2:00pm Friday 09:00 am-06:00pm 1:00 pm-2:30pm Saturday (For Operations"", 'may be required to work outside their normal working hours depending upon the demands of their job role. \uf0b7 In case of Official Duty (Out of the office) or Work from home (WFH), employee needs to inform your supervisor and HR day before the meeting or plan of WFH via ESS. \uf0b7 Employees are allowed to', '\uf0b7 It is recommended that all employees should endeavor to leave the office maximum by 7:00 pm but in no case later than 08:00 pm on normal business days, and by 6:00 PM on Saturdays (weekends).  \uf0b7 However, where regular late sitting becomes necessary for business, duties are to be rotated                     inter-department rather than over-burdening an individual(s).  \uf0b7 It is recommended that']","The Saturday working hours for the Operations Department are **10:00 am - 5:00 pm**, with a lunch break from **1:00 pm - 2:00 pm**.","Saturday working hours for the Operations Department are 10:00 am to 5:00 pm, with lunch and prayers from 1:00 pm to 2:00 pm.",1.0,0.9609662523382071,0.9999999999,1.0
How many WFH days are employees allowed per month according to the Attendance Policy?,"['plan of WFH via ESS. \uf0b7 Employees are allowed to work remotely for 4 days per month upon the approval of manager. \uf0b7 Unused WFH days cannot be carried over to the next month or year.  Late Sittings:   \uf0b7 It is recommended that all employees should endeavor to leave the office maximum by 7:00 pm but in', 'job role. \uf0b7 In case of Official Duty (Out of the office) or Work from home (WFH), employee needs to inform your supervisor and HR day before the meeting or plan of WFH via ESS. \uf0b7 Employees are allowed to work remotely for 4 days per month upon the approval of manager. \uf0b7 Unused WFH days cannot be carried over to the next month or year.  Late Sittings:   \uf0b7 It is recommended that all employees', '\uf0b7 Employees with a track record of meeting performance goals and deadlines. \n \nGuidelines for WFH Policy: \n\uf0b7 Employees are allowed to work remotely for 48 days per year (4 days per month) upon the approval of \nmanager.', '\uf0b7 Employees with a track record of meeting performance goals and deadlines. \n \nGuidelines for WFH Policy: \n\uf0b7 Employees are allowed to work remotely for 48 days per year (4 days per month) upon the approval of \nmanager. \n\uf0b7 Additional days may require special written approval from the management (COO/CEO/CIO). \n\uf0b7 Unused WFH days cannot be carried over to the next month/year.', 'may be required to work outside their normal working hours depending upon the demands of their job role. \uf0b7 In case of Official Duty (Out of the office) or Work from home (WFH), employee needs to inform your supervisor and HR day before the meeting or plan of WFH via ESS. \uf0b7 Employees are allowed to', 'performance via ESS. \n\uf0b7 Employees will receive written approval or denial with of their request within a day through ESS. \n\uf0b7 WFH can be avail on any working day except Monday and Friday. \nData Security and Technology Requirements: \n \n\uf0b7 Employees must ensure they have access to a secure internet connection and comply with the company’s cyber \nsecurity protocols while working remotely.']","According to the Attendance Policy, employees are allowed **4 WFH days per month**.",Employees are allowed to work remotely for 4 days per month upon manager approval.,1.0,0.9926203759430802,0.999999999975,1.0
Can unused WFH days be carried over?,"['manager. \n\uf0b7 Additional days may require special written approval from the management (COO/CEO/CIO). \n\uf0b7 Unused WFH days cannot be carried over to the next month/year. \n\uf0b7 In case of Work from home (WFH), employee needs to submit WFH request to the concern supervisor and HR via \nESS.', '\uf0b7 Employees with a track record of meeting performance goals and deadlines. \n \nGuidelines for WFH Policy: \n\uf0b7 Employees are allowed to work remotely for 48 days per year (4 days per month) upon the approval of \nmanager. \n\uf0b7 Additional days may require special written approval from the management (COO/CEO/CIO). \n\uf0b7 Unused WFH days cannot be carried over to the next month/year.', 'plan of WFH via ESS. \uf0b7 Employees are allowed to work remotely for 4 days per month upon the approval of manager. \uf0b7 Unused WFH days cannot be carried over to the next month or year.  Late Sittings:   \uf0b7 It is recommended that all employees should endeavor to leave the office maximum by 7:00 pm but in', '\uf0b7 In case of Work from home (WFH), employee needs to submit WFH request to the concern supervisor and HR via \nESS. \n\uf0b7 All WFH requests must be submitted at least 1 day in advance using the designated company portal.  \n\uf0b7 Managers must approve WFH requests based on project deadlines, team requirements, and individual \nperformance via ESS.', 'ESS. \n\uf0b7 All WFH requests must be submitted at least 1 day in advance using the designated company portal.  \n\uf0b7 Managers must approve WFH requests based on project deadlines, team requirements, and individual \nperformance via ESS.', 'job role. \uf0b7 In case of Official Duty (Out of the office) or Work from home (WFH), employee needs to inform your supervisor and HR day before the meeting or plan of WFH via ESS. \uf0b7 Employees are allowed to work remotely for 4 days per month upon the approval of manager. \uf0b7 Unused WFH days cannot be carried over to the next month or year.  Late Sittings:   \uf0b7 It is recommended that all employees']","No, unused WFH days cannot be carried over to the next month or year. This is stated multiple times in the provided text.",Unused WFH days cannot be carried over to the next month or year.,1.0,0.9752769060974411,0.91666666664375,1.0
How much grace time is allowed for late arrival?,"['are taken where necessary.   Daily Timings (Check-In) :  \uf0b7 Official Working Hours are from 09:00 hours with the grace of 30 minutes until 09:30 hours.  \uf0b7 In case of late arrival, employee is required to justify their delay via email, otherwise it will be considered as late arrival.  \uf0b7 More than 03', 'an individual(s).  \uf0b7 It is recommended that Department Heads to review late sitting register via ESS on a regular basis and discourage the same. COO, CIO & CEO to ensure that proper remedial measures are taken where necessary.   Daily Timings (Check-In) :  \uf0b7 Official Working Hours are from 09:00 hours with the grace of 30 minutes until 09:30 hours.  \uf0b7 In case of late arrival, employee is required', ""In case of demise of a male employee's spouse, leave of absence of up to 10 days may be allowed to \nthe employee in order to allow him sufficient time to adjust to the tragic loss and to make necessary \narrangements in the household for children and other dependents. However, this leave can be"", '\uf0b7 In case of late arrival, employee is required to justify their delay via email, otherwise it will be considered as late arrival.  \uf0b7 More than 03 late arrivals will be considered as one LWOP with written warning, which will be the authority of the COO, CEO, CIO and HR.  Revision of the policy  The company reserves the right to revise, modify any or all clauses of this policy depending upon', '130 days (4 months and 10 days), which will also fulfill the religious requirements of the period of \nspouse, leave of absence of up to 10 days may be allowed to \nthe employee in order to allow him sufficient time to adjust to the tragic loss and to make necessary', ""manage attendance effectively. Eligibility:  The Attendance policy is applicable to all the regular employees (Professional Staff & Labor Staff) of the company.  Punctuality:   Punctuality is one of the basic rules of office / Working Area discipline, which needs to be meticulously observed by all employees of the Company. Office timings are as follows. These timings may be changed by the MONIT's""]","The grace time allowed for late arrival is **30 minutes**.

Official working hours are from 09:00 hours with the grace of 30 minutes until 09:30 hours.","Official working hours start at 09:00 hours, with a grace period of 30 minutes until 09:30 hours.",1.0,0.9859837338322213,0.99999999995,1.0
What happens after more than three late arrivals?,"['to leave the office maximum by 7:00 pm but in no case later than 08:00 pm on normal business days, and by 6:00 PM on Saturdays (weekends).  \uf0b7 However, where regular late sitting becomes necessary for business, duties are to be rotated                     inter-department rather than over-burdening', '\uf0b7 In case of late arrival, employee is required to justify their delay via email, otherwise it will be considered as late arrival.  \uf0b7 More than 03 late arrivals will be considered as one LWOP with written warning, which will be the authority of the COO, CEO, CIO and HR.  Revision of the policy  The company reserves the right to revise, modify any or all clauses of this policy depending upon', 'are taken where necessary.   Daily Timings (Check-In) :  \uf0b7 Official Working Hours are from 09:00 hours with the grace of 30 minutes until 09:30 hours.  \uf0b7 In case of late arrival, employee is required to justify their delay via email, otherwise it will be considered as late arrival.  \uf0b7 More than 03', 'an individual(s).  \uf0b7 It is recommended that Department Heads to review late sitting register via ESS on a regular basis and discourage the same. COO, CIO & CEO to ensure that proper remedial measures are taken where necessary.   Daily Timings (Check-In) :  \uf0b7 Official Working Hours are from 09:00 hours with the grace of 30 minutes until 09:30 hours.  \uf0b7 In case of late arrival, employee is required', 'be considered as late arrival.  \uf0b7 More than 03 late arrivals will be considered as one LWOP with written warning, which will be the authority of the COO, CEO, CIO and HR.  Revision of the policy  The company reserves the right to revise, modify any or all clauses of this policy depending upon', 'If an employee is absent continuously for 3 days beyond sanctioned leave with no information, in \ndiscretion applies. \nWeekends and any holiday lying between the sanctioned leave periods will be excluded.\nLeave without approval will be considered as leave without pay. \nIn case of planned leave it is mandatory for employee to apply for leave in advance.']","According to the text, **more than 03 late arrivals will be considered as one LWOP (Leave Without Pay) with a written warning.** This action will be authorized by the COO, CEO, CIO, and HR.","More than 3 late arrivals are considered as one LWOP with a written warning, subject to the authority of the COO, CEO, CIO and HR.",1.0,0.8070672607156535,0.4499999999775,1.0
When should an employee inform the supervisor and HR about WFH?,"['may be required to work outside their normal working hours depending upon the demands of their job role. \uf0b7 In case of Official Duty (Out of the office) or Work from home (WFH), employee needs to inform your supervisor and HR day before the meeting or plan of WFH via ESS. \uf0b7 Employees are allowed to', '\uf0b7 In case of Work from home (WFH), employee needs to submit WFH request to the concern supervisor and HR via \nESS. \n\uf0b7 All WFH requests must be submitted at least 1 day in advance using the designated company portal.  \n\uf0b7 Managers must approve WFH requests based on project deadlines, team requirements, and individual \nperformance via ESS.', 'manager. \n\uf0b7 Additional days may require special written approval from the management (COO/CEO/CIO). \n\uf0b7 Unused WFH days cannot be carried over to the next month/year. \n\uf0b7 In case of Work from home (WFH), employee needs to submit WFH request to the concern supervisor and HR via \nESS.', 'job role. \uf0b7 In case of Official Duty (Out of the office) or Work from home (WFH), employee needs to inform your supervisor and HR day before the meeting or plan of WFH via ESS. \uf0b7 Employees are allowed to work remotely for 4 days per month upon the approval of manager. \uf0b7 Unused WFH days cannot be carried over to the next month or year.  Late Sittings:   \uf0b7 It is recommended that all employees', 'All leaves should be applied MiHCM software before proceeding on leave. In case of emergency \nwhen leave cannot be applied in advance, telephonic / text, intimation to the immediate \nmanager or HR department should be done.', 'performance via ESS. \n\uf0b7 Employees will receive written approval or denial with of their request within a day through ESS. \n\uf0b7 WFH can be avail on any working day except Monday and Friday. \nData Security and Technology Requirements: \n \n\uf0b7 Employees must ensure they have access to a secure internet connection and comply with the company’s cyber \nsecurity protocols while working remotely.']",An employee should inform their supervisor and HR about WFH **at least 1 day in advance** via ESS.,"For WFH, the employee needs to inform the supervisor and HR one day before the meeting or WFH plan via ESS.",1.0,0.9637561231815749,0.9166666666361111,1.0
What is the purpose of the Leave Policy?,"['Objective:  The objective of the Attendance Policy is to give provision to the employees to balance their personal as well as professional life.    Purpose:   The purpose of the attendance policy is to ensure consistent employee presence and punctuality, promoting productivity and accountability.', 'The objective of the Leave Policy is to give provision to the employees to balance their personal as well as \nemployees is to lay guidelines regarding when to avail leave and the process \nto take leave with pay, leave without pay, Leave of absence policy and so on. \nThe Leave policy is applicable to all the regular employees of the company.', 'professional life.   \n \nPurpose:  \n \nThe purpose of leave policy for employees is to lay guidelines regarding when to avail leave and the process \nto take leave with pay, leave without pay, Leave of absence policy and so on.\nEligibility:', 'professional life.   \n \nPurpose:  \n \nThe purpose of leave policy for employees is to lay guidelines regarding when to avail leave and the process \nto take leave with pay, leave without pay, Leave of absence policy and so on.\nEligibility:  \nThe Leave policy is applicable to all the regular employees of the company.\nGuidelines for Leave Policy:', 'Eligibility:  \nThe Leave policy is applicable to all the regular employees of the company.\nGuidelines for Leave Policy: \n \n\uf0b7 All leave record of the employees shall be maintained i\n\uf0b7 All leaves should be applied', 'THIS DOCUMENT PROVIDES GUIDANCE AND IS EXCLUSIVELY FOR USE BY THE STAFF MEMBERS OF \nANY ACT OF DIVULGENCE SHALL BE VIEWED VERY SERIOUSLY AND SHALL WARRANT DISCIPLINARY \n \nObjective: \n \nThe objective of the Leave Policy is to give provision to the employees to balance their personal as well as \nprofessional life.   \n \nPurpose:']","The purpose of the Leave Policy is to lay guidelines regarding when to avail leave and the process to take leave with pay, leave without pay, Leave of absence policy, and so on.","The purpose is to provide guidelines regarding when to avail leave and the process for taking leave with pay, leave without pay, and leave of absence.",1.0,0.9999999999999997,0.6388888888675925,1.0
Who is eligible under the Leave Policy?,"['the business demands. \n\uf0b7 The calendar year for leave is from \n\uf0b7 Employees will be eligible for Sick and Casual Leave only after completion of probationary period. \nOn confirmation, Sick and Casual leave (s) will be credited to employees account as per the date of \nconfirmation (Pro-rate).', 'The objective of the Leave Policy is to give provision to the employees to balance their personal as well as \nemployees is to lay guidelines regarding when to avail leave and the process \nto take leave with pay, leave without pay, Leave of absence policy and so on. \nThe Leave policy is applicable to all the regular employees of the company.', 'Employees will be eligible for Sick and Casual Leave only after completion of probationary period. \nOn confirmation, Sick and Casual leave (s) will be credited to employees account as per the date of \ne for Annual Leave after 1 year of services.', 'professional life.   \n \nPurpose:  \n \nThe purpose of leave policy for employees is to lay guidelines regarding when to avail leave and the process \nto take leave with pay, leave without pay, Leave of absence policy and so on.\nEligibility:  \nThe Leave policy is applicable to all the regular employees of the company.\nGuidelines for Leave Policy:', '\uf0b7 Employees are entitled to maternity leave upon the completion of probation.\nPaternity Leave \n \n\uf0b7 All confirmed male employees are eligible for paternity leave.\n\uf0b7 A maximum of 3 days of paternity leave can be availed by an employee.', 'Leave Policy \nIssue # \nEffective From                            September 1, 2024\n \nTHIS DOCUMENT PROVIDES GUIDANCE AND IS EXCLUSIVELY FOR USE BY THE STAFF MEMBERS OF MONIT PRIVATE LIMITED\nANY ACT OF DIVULGENCE SHALL BE VIEWED VERY SERIOUSLY AND SHALL WARRANT DISCIPLINARY \ncan be availed once in during two years of services.']","Based on the provided text, the following individuals are eligible under the Leave Policy:

*   **All regular employees of the company.** (Stated under ""Eligibility"")
*   **Employees who have completed their probationary period** are eligible for Sick and Casual Leave.
*   **Confirmed employees** are eligible for Sick and Casual Leave (credited pro-rata from the date of confirmation).
*   **Employees who have completed 1 year of service** are eligible for Annual Leave.
*   **Employees who have completed probation** are entitled to maternity leave.
*   **All confirmed male employees** are eligible for paternity leave.",The Leave Policy applies to all regular employees of the company.,1.0,0.9574058211505156,0.499999999975,1.0
What software is used to maintain leave records?,"['\uf0b7 Employees must regularly update their software and devices to meet the company’s security standards.', 'All leave record of the employees shall be maintained in MiHCM software. \nAll leaves should be applied MiHCM software before proceeding on leave. In case of emergency \nwhen leave cannot be applied in advance, telephonic / text, intimation to the immediate \nmanager or HR department should be done. \nLeave cannot be claimed as a matter of right. Any leave can be granted or refused depending upon', 'Performance and Availability: \n\uf0b7 Employees are expected to maintain full availability during their regular working hours while working remotely, \nand must be responsive through company communication channels (e.g., email, Slack, phone).', 'so the leave will be calculated on pro-rata basis and excess consumption of leave (s) will be deducted by the \nemployer upon the approval of management from the Full & Final Settlement. \nemployee on ESS.  \nFor approval the leave, notification will reach the immediate reporting manager. \nOnce approved, approval notification will reach to HR.', 'All leaves should be applied MiHCM software before proceeding on leave. In case of emergency \nwhen leave cannot be applied in advance, telephonic / text, intimation to the immediate \nmanager or HR department should be done.', 'on MiHCM software. \nshall not proceed on leave until or unless Head of department, Reporting Manager \nIf an employee is absent continuously for 3 days beyond sanctioned leave with no information, in \nWeekends and any holiday lying between the sanctioned leave periods will be excluded. \nnce.  \nLeave of absence from work without proper approval will call for disciplinary action.']",The software used to maintain leave records is **MiHCM software**.,All leave records of employees are maintained in MiHCM software.,1.0,1.0,0.46666666665111106,1.0
What should an employee do if emergency leave cannot be applied for in advance?,"['All leaves should be applied MiHCM software before proceeding on leave. In case of emergency \nwhen leave cannot be applied in advance, telephonic / text, intimation to the immediate \nmanager or HR department should be done.', 'employees is to lay guidelines regarding when to avail leave and the process \nbefore proceeding on leave. In case of emergency \nwhen leave cannot be applied in advance, telephonic / text, intimation to the immediate reporting \nLeave cannot be claimed as a matter of right. Any leave can be granted or refused depending upon \nard to next year.', '\uf0b7 All leaves should be applied\nwhen leave cannot be applied in advance, telephonic / text, intimation to the immediate \nmanager or HR department should be done.\n\uf0b7 Leave cannot be claimed as a matter of right. Any leave can be granted or refused depending upon \nthe business demands.', 'All leave record of the employees shall be maintained in MiHCM software. \nAll leaves should be applied MiHCM software before proceeding on leave. In case of emergency \nwhen leave cannot be applied in advance, telephonic / text, intimation to the immediate \nmanager or HR department should be done. \nLeave cannot be claimed as a matter of right. Any leave can be granted or refused depending upon', 'employees is to lay guidelines regarding when to avail leave and the process \nbefore proceeding on leave. In case of emergency \nwhen leave cannot be applied in advance, telephonic / text, intimation to the immediate reporting', 'applied for only when all other available leave entitlements have been exhausted.\nLeave calculation on Separation \n \nIn case employee resigned or terminated from the services within the calendar year of leave (s) \nso the leave will be calculated on pro\nemployer upon the approval of management from the Full & Final Settlement.\nProcess for Leave \n\uf0b7 Leave (s) applied by an employee on']","If emergency leave cannot be applied for in advance, the employee should **telephonically / text, intimate their immediate manager or the HR department.**",The employee should give telephonic or text intimation to the immediate manager or HR department.,1.0,0.94944809050864,0.99999999998,1.0
Can leave be claimed as a matter of right?,"['Leave cannot be claimed as a matter of right. Any leave can be granted or refused depending upon \nard to next year. \nEmployees will be eligible for Sick and Casual Leave only after completion of probationary period.', 'employees is to lay guidelines regarding when to avail leave and the process \nbefore proceeding on leave. In case of emergency \nwhen leave cannot be applied in advance, telephonic / text, intimation to the immediate reporting \nLeave cannot be claimed as a matter of right. Any leave can be granted or refused depending upon \nard to next year.', 'manager or HR department should be done. \nLeave cannot be claimed as a matter of right. Any leave can be granted or refused depending upon \nThe calendar year for leave is from July to June. Leaves cannot be carried forward to next year.', 'Guidelines for Leave Policy: \n \n\uf0b7 All leave record of the employees shall be maintained i\n\uf0b7 All leaves should be applied\nwhen leave cannot be applied in advance, telephonic / text, intimation to the immediate \nmanager or HR department should be done.\n\uf0b7 Leave cannot be claimed as a matter of right. Any leave can be granted or refused depending upon \nthe business demands.', '\uf0b7 All leaves should be applied\nwhen leave cannot be applied in advance, telephonic / text, intimation to the immediate \nmanager or HR department should be done.\n\uf0b7 Leave cannot be claimed as a matter of right. Any leave can be granted or refused depending upon \nthe business demands.', 'All leave record of the employees shall be maintained in MiHCM software. \nAll leaves should be applied MiHCM software before proceeding on leave. In case of emergency \nwhen leave cannot be applied in advance, telephonic / text, intimation to the immediate \nmanager or HR department should be done. \nLeave cannot be claimed as a matter of right. Any leave can be granted or refused depending upon']","No, leave cannot be claimed as a matter of right. The policy explicitly states this multiple times.",No. Leave cannot be claimed as a matter of right and may be granted or refused depending upon business demands.,1.0,0.9999999999999997,0.9999999999833333,1.0
What is the leave calendar year?,"['the business demands. \n\uf0b7 The calendar year for leave is from \n\uf0b7 Employees will be eligible for Sick and Casual Leave only after completion of probationary period. \nOn confirmation, Sick and Casual leave (s) will be credited to employees account as per the date of \nconfirmation (Pro-rate).', 'The calendar year for leave is from July to June. Leaves cannot be carried forward to next year.\nEmployees will be eligible for Sick and Casual Leave only after completion of probationary period. \nOn confirmation, Sick and Casual leave (s) will be credited to employees account as per the date of \ne for Annual Leave after 1 year of services.', 'applied for only when all other available leave entitlements have been exhausted.\nLeave calculation on Separation \n \nIn case employee resigned or terminated from the services within the calendar year of leave (s) \nso the leave will be calculated on pro', 'the business demands. \n\uf0b7 The calendar year for leave is from \n\uf0b7 Employees will be eligible for Sick and Casual Leave only after completion of probationary period. \nOn confirmation, Sick and Casual leave (s) will be credited to employees account as per the date of \nconfirmation (Pro-rate). \n\uf0b7 Employees will be eligible for Annual Leave after 1 year of services.', 'plied for only when all other available leave entitlements have been exhausted.\n \nIn case employee resigned or terminated from the services within the calendar year of leave (s) \nso the leave will be calculated on pro-rata basis and excess consumption of leave (s) will be deducted by the', 'e for Annual Leave after 1 year of services.  \nEmployees joining during course of year shall be subject to receive Leave (s) on pro\nEmployee may apply for leave depending upon their leave balance availability on \nshall not proceed on leave until or unless Head of department, Reporting Manager \nand Human Resources Department have approved leave.']",The leave calendar year is from **July to June**.,The leave calendar year is from July to June.,1.0,1.0,0.49999999995,1.0
When do employees become eligible for sick and casual leave?,"['days of sick leave. If an employee has consumed three or more days of \nsick leave, you may avail of them with the backing of a medical certificate.  \nCasual leave is granted to employees upon contingent situations. Employees are entitled to \nMaximum of 2 casual leave can be availed at one time.', 'The calendar year for leave is from July to June. Leaves cannot be carried forward to next year.\nEmployees will be eligible for Sick and Casual Leave only after completion of probationary period. \nOn confirmation, Sick and Casual leave (s) will be credited to employees account as per the date of \ne for Annual Leave after 1 year of services.', 'days of sick leave. If an employee has consumed three or more days of \nCasual leave is granted to employees upon contingent situations. Employees are entitled to 8 days \nan employee takes casual leaves from Friday to Monday that will be considered as in sandwich', 'the business demands. \n\uf0b7 The calendar year for leave is from \n\uf0b7 Employees will be eligible for Sick and Casual Leave only after completion of probationary period. \nOn confirmation, Sick and Casual leave (s) will be credited to employees account as per the date of \nconfirmation (Pro-rate). \n\uf0b7 Employees will be eligible for Annual Leave after 1 year of services.', 'sick leave, you may avail of them with\n\uf0b7 Sick leave is paid leave. \nCasual Leave \n \n\uf0b7 Casual leave is granted to employees upon contingent situations. Employees are entitled to \nof fully paid leaves.  \n\uf0b7 Maximum of 2 casual leave can be availed at one time.', 'ard to next year. \nEmployees will be eligible for Sick and Casual Leave only after completion of probationary period. \nOn confirmation, Sick and Casual leave (s) will be credited to employees account as per the date of \nEmployees joining during course of year shall be subject to receive Leave (s) on pro-rata basis in \non MiHCM software.']",Employees become eligible for Sick and Casual Leave **only after completion of their probationary period.**,Employees become eligible for Sick and Casual Leave after completion of the probationary period.,1.0,0.9841760577610241,0.49999999998333333,1.0
When are employees eligible for annual leave?,"['\uf0b7 Employees are entitled to maternity leave upon the completion of probation.\nPaternity Leave \n \n\uf0b7 All confirmed male employees are eligible for paternity leave.\n\uf0b7 A maximum of 3 days of paternity leave can be availed by an employee.', 'e for Annual Leave after 1 year of services.  \nEmployees joining during course of year shall be subject to receive Leave (s) on pro\nEmployee may apply for leave depending upon their leave balance availability on \nshall not proceed on leave until or unless Head of department, Reporting Manager \nand Human Resources Department have approved leave.', 'Hence, in that scenario annual leave plan will be obsolete. \nAll confirmed female employees shall be entitled for Maternity leave, with full pay for a period of \ndays (excluding national holidays) for each pregnancy.  \nEmployees are entitled to maternity leave upon the completion of probation.', 'The calendar year for leave is from July to June. Leaves cannot be carried forward to next year.\nEmployees will be eligible for Sick and Casual Leave only after completion of probationary period. \nOn confirmation, Sick and Casual leave (s) will be credited to employees account as per the date of \ne for Annual Leave after 1 year of services.', 'All confirmed male employees are eligible for paternity leave. \nA maximum of 3 days of paternity leave can be availed by an employee. \nThe paternity leave must be taken within 10 days of child birth, failing which the leaves will lapse.', 'the business demands. \n\uf0b7 The calendar year for leave is from \n\uf0b7 Employees will be eligible for Sick and Casual Leave only after completion of probationary period. \nOn confirmation, Sick and Casual leave (s) will be credited to employees account as per the date of \nconfirmation (Pro-rate). \n\uf0b7 Employees will be eligible for Annual Leave after 1 year of services.']",Employees are eligible for annual leave **after 1 year of services**.,Employees are eligible for Annual Leave after one year of service.,1.0,0.9999999999999999,0.49999999998333333,1.0
Who must approve leave before an employee proceeds on leave?,"['ESS. \n\uf0b7 All WFH requests must be submitted at least 1 day in advance using the designated company portal.  \n\uf0b7 Managers must approve WFH requests based on project deadlines, team requirements, and individual \nperformance via ESS.', '\uf0b7 Employees joining during course of year shall be subject to receive Leave (s) on pro\ntheir leave account. \n\uf0b7 Employee may apply for leave depending upon t\n\uf0b7 An employee shall not proceed on leave until or unless Head of department, Reporting Manager \nand Human Resources Department have approved leave.', '\uf0b7 Once approved, approval notification will reach to HR.\n\uf0b7 HR will approve the leave (s) and approval notification will reach to employee\n\uf0b7 Leaves will be deducted from lea\non ESS. \n\uf0b7 All leaves shall be process as per Policy. \n\uf0b7 In case of probationary period, employee', 'so the leave will be calculated on pro-rata basis and excess consumption of leave (s) will be deducted by the \nemployer upon the approval of management from the Full & Final Settlement. \nemployee on ESS.  \nFor approval the leave, notification will reach the immediate reporting manager. \nOnce approved, approval notification will reach to HR.', 'employees is to lay guidelines regarding when to avail leave and the process \nbefore proceeding on leave. In case of emergency \nwhen leave cannot be applied in advance, telephonic / text, intimation to the immediate reporting', 'on MiHCM software. \nshall not proceed on leave until or unless Head of department, Reporting Manager \nIf an employee is absent continuously for 3 days beyond sanctioned leave with no information, in \nWeekends and any holiday lying between the sanctioned leave periods will be excluded. \nnce.  \nLeave of absence from work without proper approval will call for disciplinary action.']","Based on the provided text, the following individuals/departments must approve leave before an employee proceeds on leave:

*   **Head of Department**
*   **Reporting Manager**
*   **Human Resources Department**","The Head of Department, Reporting Manager, and Human Resources Department must approve the leave before the employee proceeds on leave.",1.0,1.0000000000000004,0.49999999995,1.0
What happens if an employee takes leave without approval?,"['days of sick leave. If an employee has consumed three or more days of \nCasual leave is granted to employees upon contingent situations. Employees are entitled to 8 days \nan employee takes casual leaves from Friday to Monday that will be considered as in sandwich', 'If an employee is absent continuously for 3 days beyond sanctioned leave with no information, in \ndiscretion applies. \nWeekends and any holiday lying between the sanctioned leave periods will be excluded.\nLeave without approval will be considered as leave without pay. \nIn case of planned leave it is mandatory for employee to apply for leave in advance.', 'an employee takes casual leaves from Friday to Monday that will be considered as in sandwich \nand leave will be deducted from your casual leave. In case of unavailability of CL, salary will be \nEvery employee who has completed 1 Year of continuous service shall be entitled to', '\uf0b7 If an employee is absent continuously for 3 days beyond sanctioned leave with no information, in \nthis case management discretion applies.\n\uf0b7 Weekends and any holiday lying between the sanctioned leave periods will be excluded.\n\uf0b7 Leave without approval will be considered as leave without pay.\n\uf0b7 In case of planned leave it is mandatory for employee to apply for leave in adva', '\uf0b7  If an employee takes casual leaves from Friday to Monday that will be considered as in sandwich \nand leave will be deducted from your casual leave. In case of unavailability of CL, salary will be \ndeducted accordingly. \nAnnual Leaves \n \n\uf0b7 Every employee who has completed 1 Year of continuo', 'on MiHCM software. \nshall not proceed on leave until or unless Head of department, Reporting Manager \nIf an employee is absent continuously for 3 days beyond sanctioned leave with no information, in \nWeekends and any holiday lying between the sanctioned leave periods will be excluded. \nnce.  \nLeave of absence from work without proper approval will call for disciplinary action.']","If an employee takes leave without approval, it will be considered as **leave without pay** and may also lead to **disciplinary action**.","Leave without approval is considered leave without pay, and absence without proper approval may lead to disciplinary action.",1.0,1.0,0.49999999998333333,1.0
How many sick leave days are employees entitled to?,"['days of sick leave. If an employee has consumed three or more days of \nsick leave, you may avail of them with the backing of a medical certificate.  \nCasual leave is granted to employees upon contingent situations. Employees are entitled to \nMaximum of 2 casual leave can be availed at one time.', 'continuous service shall be entitled to 14\nLeave Policy \nIssue # \nEffective From                            September 1, 2024\n \nTHIS DOCUMENT PROVIDES GUIDANCE AND IS EXCLUSIVELY FOR USE BY THE STAFF MEMBERS OF MONIT PRIVATE LIMITED\nANY ACT OF DIVULGENCE SHALL BE VIEWED VERY SERIOUSLY AND SHALL WARRANT DISCIPLINARY \ndays of sick leave. If an employee has consumed three or more days of', 'days of sick leave. If an employee has consumed three or more days of \nCasual leave is granted to employees upon contingent situations. Employees are entitled to 8 days \nan employee takes casual leaves from Friday to Monday that will be considered as in sandwich', 'sick leave, you may avail of them with the backing of a medical certificate.  \nCasual leave is granted to employees upon contingent situations. Employees are entitled to \nMaximum of 2 casual leave can be availed at one time. \nan employee takes casual leaves from Friday to Monday that will be considered as in sandwich', 'THIS DOCUMENT PROVIDES GUIDANCE AND IS EXCLUSIVELY FOR USE BY THE STAFF MEMBERS OF \nANY ACT OF DIVULGENCE SHALL BE VIEWED VERY SERIOUSLY AND SHALL WARRANT DISCIPLINARY \n \nSick Leave \n \n\uf0b7 Employees are entitled to 8 days of sick leave. If an employee has consumed three or more days of', 'The calendar year for leave is from July to June. Leaves cannot be carried forward to next year.\nEmployees will be eligible for Sick and Casual Leave only after completion of probationary period. \nOn confirmation, Sick and Casual leave (s) will be credited to employees account as per the date of \ne for Annual Leave after 1 year of services.']",Employees are entitled to **8 days** of sick leave.,Employees are entitled to 8 days of sick leave.,1.0,0.9899444086746557,0.19999999998,1.0
Is sick leave paid?,"['days of sick leave. If an employee has consumed three or more days of \nsick leave, you may avail of them with the backing of a medical certificate.  \nCasual leave is granted to employees upon contingent situations. Employees are entitled to \nMaximum of 2 casual leave can be availed at one time.', '\uf0b7 Sick leave is paid leave. \nCasual Leave \n \n\uf0b7 Casual leave is granted to employees upon contingent situations. Employees are entitled to \nof fully paid leaves.  \n\uf0b7 Maximum of 2 casual leave can be availed at one time.\n\uf0b7  If an employee takes casual leaves from Friday to Monday that will be considered as in sandwich', 'sick leave, you may avail of them with\n\uf0b7 Sick leave is paid leave. \nCasual Leave \n \n\uf0b7 Casual leave is granted to employees upon contingent situations. Employees are entitled to \nof fully paid leaves.  \n\uf0b7 Maximum of 2 casual leave can be availed at one time.', 'continuous service shall be entitled to 14\nLeave Policy \nIssue # \nEffective From                            September 1, 2024\n \nTHIS DOCUMENT PROVIDES GUIDANCE AND IS EXCLUSIVELY FOR USE BY THE STAFF MEMBERS OF MONIT PRIVATE LIMITED\nANY ACT OF DIVULGENCE SHALL BE VIEWED VERY SERIOUSLY AND SHALL WARRANT DISCIPLINARY \ndays of sick leave. If an employee has consumed three or more days of', 'days of sick leave. If an employee has consumed three or more days of \nCasual leave is granted to employees upon contingent situations. Employees are entitled to 8 days \nan employee takes casual leaves from Friday to Monday that will be considered as in sandwich', 'The calendar year for leave is from July to June. Leaves cannot be carried forward to next year.\nEmployees will be eligible for Sick and Casual Leave only after completion of probationary period. \nOn confirmation, Sick and Casual leave (s) will be credited to employees account as per the date of \ne for Annual Leave after 1 year of services.']","Yes, according to the document, **sick leave is paid leave.**",Yes. Sick leave is paid leave.,1.0,0.9647106849395883,0.5833333333041666,1.0
What is the maximum number of casual leave days that can be taken at one time?,"['days of sick leave. If an employee has consumed three or more days of \nsick leave, you may avail of them with the backing of a medical certificate.  \nCasual leave is granted to employees upon contingent situations. Employees are entitled to \nMaximum of 2 casual leave can be availed at one time.', 'sick leave, you may avail of them with the backing of a medical certificate.  \nCasual leave is granted to employees upon contingent situations. Employees are entitled to \nMaximum of 2 casual leave can be availed at one time. \nan employee takes casual leaves from Friday to Monday that will be considered as in sandwich', 'sick leave, you may avail of them with\n\uf0b7 Sick leave is paid leave. \nCasual Leave \n \n\uf0b7 Casual leave is granted to employees upon contingent situations. Employees are entitled to \nof fully paid leaves.  \n\uf0b7 Maximum of 2 casual leave can be availed at one time.', '\uf0b7 Sick leave is paid leave. \nCasual Leave \n \n\uf0b7 Casual leave is granted to employees upon contingent situations. Employees are entitled to \nof fully paid leaves.  \n\uf0b7 Maximum of 2 casual leave can be availed at one time.\n\uf0b7  If an employee takes casual leaves from Friday to Monday that will be considered as in sandwich', 'All confirmed male employees are eligible for paternity leave. \nA maximum of 3 days of paternity leave can be availed by an employee. \nThe paternity leave must be taken within 10 days of child birth, failing which the leaves will lapse.', 'an employee takes casual leaves from Friday to Monday that will be considered as in sandwich \nand leave will be deducted from your casual leave. In case of unavailability of CL, salary will be \nus service shall be entitled to 14 days of \nAnnual leaves can be consumed as planned leaves.  Employee will share their annual leave plan in']",The maximum number of casual leave days that can be taken at one time is **2**.,A maximum of 2 casual leave days can be availed at one time.,1.0,0.9999999999999999,0.999999999975,1.0
What happens if casual leave is taken from Friday to Monday?,"['an employee takes casual leaves from Friday to Monday that will be considered as in sandwich \nand leave will be deducted from your casual leave. In case of unavailability of CL, salary will be \nEvery employee who has completed 1 Year of continuous service shall be entitled to', 'If an employee is absent continuously for 3 days beyond sanctioned leave with no information, in \ndiscretion applies. \nWeekends and any holiday lying between the sanctioned leave periods will be excluded.\nLeave without approval will be considered as leave without pay. \nIn case of planned leave it is mandatory for employee to apply for leave in advance.', 'days of sick leave. If an employee has consumed three or more days of \nCasual leave is granted to employees upon contingent situations. Employees are entitled to 8 days \nan employee takes casual leaves from Friday to Monday that will be considered as in sandwich', 'an employee takes casual leaves from Friday to Monday that will be considered as in sandwich \nand leave will be deducted from your casual leave. In case of unavailability of CL, salary will be \nus service shall be entitled to 14 days of \nAnnual leaves can be consumed as planned leaves.  Employee will share their annual leave plan in', '\uf0b7  If an employee takes casual leaves from Friday to Monday that will be considered as in sandwich \nand leave will be deducted from your casual leave. In case of unavailability of CL, salary will be \ndeducted accordingly. \nAnnual Leaves \n \n\uf0b7 Every employee who has completed 1 Year of continuo', 'sick leave, you may avail of them with the backing of a medical certificate.  \nCasual leave is granted to employees upon contingent situations. Employees are entitled to \nMaximum of 2 casual leave can be availed at one time. \nan employee takes casual leaves from Friday to Monday that will be considered as in sandwich']","If casual leave is taken from Friday to Monday:

*   It will be considered as a **sandwich leave**.
*   The leave will be **deducted from your casual leave balance**.
*   In case of unavailability of casual leave, **salary will be deducted accordingly**.","Leave taken from Friday to Monday is treated as sandwich leave and is deducted from casual leave. If casual leave is unavailable, salary is deducted accordingly.",1.0,0.9711514989285973,0.8099999999838,1.0
How long is maternity leave?,"['\uf0b7 Employees are entitled to maternity leave upon the completion of probation.\nPaternity Leave \n \n\uf0b7 All confirmed male employees are eligible for paternity leave.\n\uf0b7 A maximum of 3 days of paternity leave can be availed by an employee.', 'Department. \n\uf0b7 In case of any critical circumstances i.e. accident, illnes\nHence, in that scenario annual leave plan will be \nMaternity Leave \n \n\uf0b7 All confirmed female employees shall be entitled for Maternity leave, with full pay for a period of \ncontinuous 90 days (excluding national holidays) for each pregnancy. \n\uf0b7 Employees are entitled to maternity leave upon the completion of probation.', 'Hence, in that scenario annual leave plan will be obsolete. \nAll confirmed female employees shall be entitled for Maternity leave, with full pay for a period of \ndays (excluding national holidays) for each pregnancy.  \nEmployees are entitled to maternity leave upon the completion of probation.', 'quarter, which will be approved by Department Head and Human Resources \ns etc., employee can avail their annual leaves. \nAll confirmed female employees shall be entitled for Maternity leave, with full pay for a period of \nThe paternity leave must be taken within 10 days of child birth, failing which the leaves will lapse.', 'promoting productivity and accountability. It establishes clear expectations and helps manage attendance effectively. Eligibility:  The Attendance policy is applicable to all the regular employees (Professional Staff & Labor Staff) of the company.  Punctuality:   Punctuality is one of the basic', 'In case of any critical circumstances i.e. accident, illness etc., employee can avail their annual leaves. \nHence, in that scenario annual leave plan will be obsolete. \nAll confirmed female employees shall be entitled for Maternity leave, with full pay for a period of \ndays (excluding national holidays) for each pregnancy.']",Maternity leave is for a period of **90 days** (excluding national holidays) for each pregnancy.,"Confirmed female employees are entitled to maternity leave with full pay for 90 continuous days, excluding national holidays, for each pregnancy.",1.0,0.9176636526514462,0.49999999995,1.0
When are employees eligible for maternity leave?,"['\uf0b7 Employees are entitled to maternity leave upon the completion of probation.\nPaternity Leave \n \n\uf0b7 All confirmed male employees are eligible for paternity leave.\n\uf0b7 A maximum of 3 days of paternity leave can be availed by an employee.', 'In case of any critical circumstances i.e. accident, illness etc., employee can avail their annual leaves. \nHence, in that scenario annual leave plan will be obsolete. \nAll confirmed female employees shall be entitled for Maternity leave, with full pay for a period of \ndays (excluding national holidays) for each pregnancy.', 'Hence, in that scenario annual leave plan will be obsolete. \nAll confirmed female employees shall be entitled for Maternity leave, with full pay for a period of \ndays (excluding national holidays) for each pregnancy.  \nEmployees are entitled to maternity leave upon the completion of probation.', 'quarter, which will be approved by Department Head and Human Resources \ns etc., employee can avail their annual leaves. \nAll confirmed female employees shall be entitled for Maternity leave, with full pay for a period of \nThe paternity leave must be taken within 10 days of child birth, failing which the leaves will lapse.', 'All confirmed male employees are eligible for paternity leave. \nA maximum of 3 days of paternity leave can be availed by an employee. \nThe paternity leave must be taken within 10 days of child birth, failing which the leaves will lapse.', 'Department. \n\uf0b7 In case of any critical circumstances i.e. accident, illnes\nHence, in that scenario annual leave plan will be \nMaternity Leave \n \n\uf0b7 All confirmed female employees shall be entitled for Maternity leave, with full pay for a period of \ncontinuous 90 days (excluding national holidays) for each pregnancy. \n\uf0b7 Employees are entitled to maternity leave upon the completion of probation.']",Employees are eligible for maternity leave upon the completion of probation.,Employees are entitled to maternity leave upon completion of probation.,1.0,1.0,0.7708333333140625,1.0
How many paternity leave days can an employee take?,"['All confirmed male employees are eligible for paternity leave. \nA maximum of 3 days of paternity leave can be availed by an employee. \nThe paternity leave must be taken within 10 days of child birth, failing which the leaves will lapse.', 'quarter, which will be approved by Department Head and Human Resources \ns etc., employee can avail their annual leaves. \nAll confirmed female employees shall be entitled for Maternity leave, with full pay for a period of \nThe paternity leave must be taken within 10 days of child birth, failing which the leaves will lapse.', '\uf0b7 Employees are entitled to maternity leave upon the completion of probation.\nPaternity Leave \n \n\uf0b7 All confirmed male employees are eligible for paternity leave.\n\uf0b7 A maximum of 3 days of paternity leave can be availed by an employee.', 'Employees are entitled to maternity leave upon the completion of probation. \nAll confirmed male employees are eligible for paternity leave. \nA maximum of 3 days of paternity leave can be availed by an employee. \nThe paternity leave must be taken within 10 days of child birth, failing which the leaves will lapse.\norder to perform Umrah, Hajj or Ziyaraat, every employee who has completed 1 Year of', 'The paternity leave must be taken within 10 days of child birth, failing which the leaves will lapse. \norder to perform Umrah, Hajj or Ziyaraat, every employee who has completed 1 Year of', 'Paternity Leave \n \n\uf0b7 All confirmed male employees are eligible for paternity leave.\n\uf0b7 A maximum of 3 days of paternity leave can be availed by an employee.\n\uf0b7 The paternity leave must be taken within 10 days of child birth, failing which the leaves will lapse.\nPilgrimage Leave \n \n\uf0b7 In order to perform Umrah, Hajj or Ziyaraat, every employee who has completed 1 Year of']",An employee can take a maximum of **3 days** of paternity leave.,A maximum of 3 days of paternity leave can be availed.,1.0,0.9727021527955472,0.7708333333140625,1.0
When must paternity leave be taken?,"['All confirmed male employees are eligible for paternity leave. \nA maximum of 3 days of paternity leave can be availed by an employee. \nThe paternity leave must be taken within 10 days of child birth, failing which the leaves will lapse.', 'quarter, which will be approved by Department Head and Human Resources \ns etc., employee can avail their annual leaves. \nAll confirmed female employees shall be entitled for Maternity leave, with full pay for a period of \nThe paternity leave must be taken within 10 days of child birth, failing which the leaves will lapse.', 'The paternity leave must be taken within 10 days of child birth, failing which the leaves will lapse. \norder to perform Umrah, Hajj or Ziyaraat, every employee who has completed 1 Year of', 'Paternity Leave \n \n\uf0b7 All confirmed male employees are eligible for paternity leave.\n\uf0b7 A maximum of 3 days of paternity leave can be availed by an employee.\n\uf0b7 The paternity leave must be taken within 10 days of child birth, failing which the leaves will lapse.\nPilgrimage Leave \n \n\uf0b7 In order to perform Umrah, Hajj or Ziyaraat, every employee who has completed 1 Year of', '\uf0b7 The paternity leave must be taken within 10 days of child birth, failing which the leaves will lapse.\nPilgrimage Leave \n \n\uf0b7 In order to perform Umrah, Hajj or Ziyaraat, every employee who has completed 1 Year of \ncontinuous service shall be entitled to 14\nLeave Policy \nIssue #', 'Employees are entitled to maternity leave upon the completion of probation. \nAll confirmed male employees are eligible for paternity leave. \nA maximum of 3 days of paternity leave can be availed by an employee. \nThe paternity leave must be taken within 10 days of child birth, failing which the leaves will lapse.\norder to perform Umrah, Hajj or Ziyaraat, every employee who has completed 1 Year of']",Paternity leave must be taken within **10 days of child birth**.,Paternity leave must be taken within 10 days of childbirth; otherwise the leave will lapse.,1.0,1.0000000000000002,0.9999999999833333,1.0
How many pilgrimage leave days are available?,"['order to perform Umrah, Hajj or Ziyaraat, every employee who has completed 1 Year of \nservice shall be entitled to 14 days of pilgrimage leaves. \n2 \nSeptember 1, 2024 \nMONIT PRIVATE LIMITED. \nANY ACT OF DIVULGENCE SHALL BE VIEWED VERY SERIOUSLY AND SHALL WARRANT DISCIPLINARY ACTION.', 'Paternity Leave \n \n\uf0b7 All confirmed male employees are eligible for paternity leave.\n\uf0b7 A maximum of 3 days of paternity leave can be availed by an employee.\n\uf0b7 The paternity leave must be taken within 10 days of child birth, failing which the leaves will lapse.\nPilgrimage Leave \n \n\uf0b7 In order to perform Umrah, Hajj or Ziyaraat, every employee who has completed 1 Year of', '\uf0b7 Employees are entitled to maternity leave upon the completion of probation.\nPaternity Leave \n \n\uf0b7 All confirmed male employees are eligible for paternity leave.\n\uf0b7 A maximum of 3 days of paternity leave can be availed by an employee.', 'order to perform Umrah, Hajj or Ziyaraat, every employee who has completed 1 Year of', 'days of sick leave. If an employee has consumed three or more days of \nCasual leave is granted to employees upon contingent situations. Employees are entitled to 8 days \nan employee takes casual leaves from Friday to Monday that will be considered as in sandwich', 'service shall be entitled to 14 days of pilgrimage leaves. \n2 \nSeptember 1, 2024 \nMONIT PRIVATE LIMITED. \nANY ACT OF DIVULGENCE SHALL BE VIEWED VERY SERIOUSLY AND SHALL WARRANT DISCIPLINARY ACTION. \ndays of sick leave. If an employee has consumed three or more days of \nCasual leave is granted to employees upon contingent situations. Employees are entitled to 8 days']",Employees are entitled to **14 days** of pilgrimage leave.,An employee who has completed one year of continuous service is entitled to 14 days of pilgrimage leave.,1.0,0.9499138627498019,0.6666666666333333,1.0
How often can pilgrimage leave be availed?,"['order to perform Umrah, Hajj or Ziyaraat, every employee who has completed 1 Year of \nservice shall be entitled to 14 days of pilgrimage leaves. \n2 \nSeptember 1, 2024 \nMONIT PRIVATE LIMITED. \nANY ACT OF DIVULGENCE SHALL BE VIEWED VERY SERIOUSLY AND SHALL WARRANT DISCIPLINARY ACTION.', 'Paternity Leave \n \n\uf0b7 All confirmed male employees are eligible for paternity leave.\n\uf0b7 A maximum of 3 days of paternity leave can be availed by an employee.\n\uf0b7 The paternity leave must be taken within 10 days of child birth, failing which the leaves will lapse.\nPilgrimage Leave \n \n\uf0b7 In order to perform Umrah, Hajj or Ziyaraat, every employee who has completed 1 Year of', 'Annual leaves can be consumed as planned leaves.  Employee will share their annual leave plan in \nquarter, which will be approved by Department Head and Human Resources \nIn case of any critical circumstances i.e. accident, illness etc., employee can avail their annual leaves.', 'order to perform Umrah, Hajj or Ziyaraat, every employee who has completed 1 Year of', 'manager or HR department should be done. \nLeave cannot be claimed as a matter of right. Any leave can be granted or refused depending upon \nThe calendar year for leave is from July to June. Leaves cannot be carried forward to next year.', 'Leave Policy \nIssue # \nEffective From                            September 1, 2024\n \nTHIS DOCUMENT PROVIDES GUIDANCE AND IS EXCLUSIVELY FOR USE BY THE STAFF MEMBERS OF MONIT PRIVATE LIMITED\nANY ACT OF DIVULGENCE SHALL BE VIEWED VERY SERIOUSLY AND SHALL WARRANT DISCIPLINARY \ncan be availed once in during two years of services.']","The document states that pilgrimage leave ""can be availed once in during two years of services.""",Pilgrimage leave can be availed once during two years of service.,0.5,0.9828038276298822,0.16666666665,1.0
Who is eligible for the Work From Home Policy?,"['Work From Home Policy \nIssue # 0 \nEffective From                            November 1, 2024 \n \n \nTHIS DOCUMENT PROVIDES GUIDANCE AND IS EXCLUSIVELY FOR USE BY THE STAFF MEMBERS OF MONIT PRIVATE LIMITED. \nANY ACT OF DIVULGENCE SHALL BE VIEWED VERY SERIOUSLY AND SHALL WARRANT DISCIPLINARY ACTION.', 'Objective: \n \nThe objective of the Work From Home Policy is to provide employees with flexibility to effectively balance their \npersonal and professional responsibilities, enhancing both productivity and work-life harmony. \n \nPurpose:', '\uf0b7 Employees with a track record of meeting performance goals and deadlines. \n \nGuidelines for WFH Policy: \n\uf0b7 Employees are allowed to work remotely for 48 days per year (4 days per month) upon the approval of \nmanager. \n\uf0b7 Additional days may require special written approval from the management (COO/CEO/CIO). \n\uf0b7 Unused WFH days cannot be carried over to the next month/year.', 'flexibility while maintaining company productivity, collaboration, and compliance with legal and operational \nrequirements. \nEligibility:  \nEmployees who wish to work from anywhere must meet the following criteria: \n\uf0b7 Professional employees who have completed 3 months of employment. \n\uf0b7 Employees whose roles and responsibilities can be effectively managed remotely.', '\uf0b7 In case of Work from home (WFH), employee needs to submit WFH request to the concern supervisor and HR via \nESS. \n\uf0b7 All WFH requests must be submitted at least 1 day in advance using the designated company portal.  \n\uf0b7 Managers must approve WFH requests based on project deadlines, team requirements, and individual \nperformance via ESS.']","Based on the provided text, the following employees are eligible for the Work From Home Policy:

*   **Professional employees who have completed 3 months of employment.**
*   **Employees whose roles and responsibilities can be effectively managed remotely.**
*   **Employees with a track record of meeting performance goals and deadlines.**","Professional employees who have completed 3 months of employment, whose roles can be effectively managed remotely, and who have a track record of meeting performance goals and deadlines are eligible.",0.6666666666666666,0.9761761433253219,0.0,1.0
How many WFH days are allowed per year?,"['\uf0b7 Employees with a track record of meeting performance goals and deadlines. \n \nGuidelines for WFH Policy: \n\uf0b7 Employees are allowed to work remotely for 48 days per year (4 days per month) upon the approval of \nmanager.', '\uf0b7 Employees with a track record of meeting performance goals and deadlines. \n \nGuidelines for WFH Policy: \n\uf0b7 Employees are allowed to work remotely for 48 days per year (4 days per month) upon the approval of \nmanager. \n\uf0b7 Additional days may require special written approval from the management (COO/CEO/CIO). \n\uf0b7 Unused WFH days cannot be carried over to the next month/year.', 'plan of WFH via ESS. \uf0b7 Employees are allowed to work remotely for 4 days per month upon the approval of manager. \uf0b7 Unused WFH days cannot be carried over to the next month or year.  Late Sittings:   \uf0b7 It is recommended that all employees should endeavor to leave the office maximum by 7:00 pm but in', '\uf0b7 In case of Work from home (WFH), employee needs to submit WFH request to the concern supervisor and HR via \nESS. \n\uf0b7 All WFH requests must be submitted at least 1 day in advance using the designated company portal.  \n\uf0b7 Managers must approve WFH requests based on project deadlines, team requirements, and individual \nperformance via ESS.', 'may be required to work outside their normal working hours depending upon the demands of their job role. \uf0b7 In case of Official Duty (Out of the office) or Work from home (WFH), employee needs to inform your supervisor and HR day before the meeting or plan of WFH via ESS. \uf0b7 Employees are allowed to', 'performance via ESS. \n\uf0b7 Employees will receive written approval or denial with of their request within a day through ESS. \n\uf0b7 WFH can be avail on any working day except Monday and Friday. \nData Security and Technology Requirements: \n \n\uf0b7 Employees must ensure they have access to a secure internet connection and comply with the company’s cyber \nsecurity protocols while working remotely.']",Employees are allowed to work remotely for **48 days per year**.,"Employees are allowed to work remotely for 48 days per year, equivalent to 4 days per month, subject to manager approval.",1.0,0.9320350470503386,0.9999999999666667,1.0
Can additional WFH days be approved?,"['manager. \n\uf0b7 Additional days may require special written approval from the management (COO/CEO/CIO). \n\uf0b7 Unused WFH days cannot be carried over to the next month/year. \n\uf0b7 In case of Work from home (WFH), employee needs to submit WFH request to the concern supervisor and HR via \nESS.', '\uf0b7 In case of Work from home (WFH), employee needs to submit WFH request to the concern supervisor and HR via \nESS. \n\uf0b7 All WFH requests must be submitted at least 1 day in advance using the designated company portal.  \n\uf0b7 Managers must approve WFH requests based on project deadlines, team requirements, and individual \nperformance via ESS.', 'plan of WFH via ESS. \uf0b7 Employees are allowed to work remotely for 4 days per month upon the approval of manager. \uf0b7 Unused WFH days cannot be carried over to the next month or year.  Late Sittings:   \uf0b7 It is recommended that all employees should endeavor to leave the office maximum by 7:00 pm but in', '\uf0b7 Employees with a track record of meeting performance goals and deadlines. \n \nGuidelines for WFH Policy: \n\uf0b7 Employees are allowed to work remotely for 48 days per year (4 days per month) upon the approval of \nmanager. \n\uf0b7 Additional days may require special written approval from the management (COO/CEO/CIO). \n\uf0b7 Unused WFH days cannot be carried over to the next month/year.', 'ESS. \n\uf0b7 All WFH requests must be submitted at least 1 day in advance using the designated company portal.  \n\uf0b7 Managers must approve WFH requests based on project deadlines, team requirements, and individual \nperformance via ESS.', 'performance via ESS. \n\uf0b7 Employees will receive written approval or denial with of their request within a day through ESS. \n\uf0b7 WFH can be avail on any working day except Monday and Friday. \nData Security and Technology Requirements: \n \n\uf0b7 Employees must ensure they have access to a secure internet connection and comply with the company’s cyber \nsecurity protocols while working remotely.']","Yes, additional WFH days can be approved, but they require **special written approval from the management (COO/CEO/CIO)**.","Additional WFH days may require special written approval from management, including the COO, CEO, or CIO.",1.0,1.0000000000000002,0.7499999999625,1.0
How far in advance must a WFH request be submitted?,"['ESS. \n\uf0b7 All WFH requests must be submitted at least 1 day in advance using the designated company portal.  \n\uf0b7 Managers must approve WFH requests based on project deadlines, team requirements, and individual \nperformance via ESS.', '\uf0b7 In case of Work from home (WFH), employee needs to submit WFH request to the concern supervisor and HR via \nESS. \n\uf0b7 All WFH requests must be submitted at least 1 day in advance using the designated company portal.  \n\uf0b7 Managers must approve WFH requests based on project deadlines, team requirements, and individual \nperformance via ESS.', 'performance via ESS. \n\uf0b7 Employees will receive written approval or denial with of their request within a day through ESS. \n\uf0b7 WFH can be avail on any working day except Monday and Friday. \nData Security and Technology Requirements:', 'performance via ESS. \n\uf0b7 Employees will receive written approval or denial with of their request within a day through ESS. \n\uf0b7 WFH can be avail on any working day except Monday and Friday. \nData Security and Technology Requirements: \n \n\uf0b7 Employees must ensure they have access to a secure internet connection and comply with the company’s cyber \nsecurity protocols while working remotely.', 'manager. \n\uf0b7 Additional days may require special written approval from the management (COO/CEO/CIO). \n\uf0b7 Unused WFH days cannot be carried over to the next month/year. \n\uf0b7 In case of Work from home (WFH), employee needs to submit WFH request to the concern supervisor and HR via \nESS.', '\uf0b7 Employees with a track record of meeting performance goals and deadlines. \n \nGuidelines for WFH Policy: \n\uf0b7 Employees are allowed to work remotely for 48 days per year (4 days per month) upon the approval of \nmanager. \n\uf0b7 Additional days may require special written approval from the management (COO/CEO/CIO). \n\uf0b7 Unused WFH days cannot be carried over to the next month/year.']",A WFH request must be submitted at least **1 day in advance**.,All WFH requests must be submitted at least 1 day in advance using the designated company portal.,1.0,1.0,0.9999999999666667,1.0
On which days can WFH be availed?,"['All confirmed male employees are eligible for paternity leave. \nA maximum of 3 days of paternity leave can be availed by an employee. \nThe paternity leave must be taken within 10 days of child birth, failing which the leaves will lapse.', 'performance via ESS. \n\uf0b7 Employees will receive written approval or denial with of their request within a day through ESS. \n\uf0b7 WFH can be avail on any working day except Monday and Friday. \nData Security and Technology Requirements: \n \n\uf0b7 Employees must ensure they have access to a secure internet connection and comply with the company’s cyber \nsecurity protocols while working remotely.', 'manager. \n\uf0b7 Additional days may require special written approval from the management (COO/CEO/CIO). \n\uf0b7 Unused WFH days cannot be carried over to the next month/year. \n\uf0b7 In case of Work from home (WFH), employee needs to submit WFH request to the concern supervisor and HR via \nESS.', '\uf0b7 In case of Work from home (WFH), employee needs to submit WFH request to the concern supervisor and HR via \nESS. \n\uf0b7 All WFH requests must be submitted at least 1 day in advance using the designated company portal.  \n\uf0b7 Managers must approve WFH requests based on project deadlines, team requirements, and individual \nperformance via ESS.', 'plan of WFH via ESS. \uf0b7 Employees are allowed to work remotely for 4 days per month upon the approval of manager. \uf0b7 Unused WFH days cannot be carried over to the next month or year.  Late Sittings:   \uf0b7 It is recommended that all employees should endeavor to leave the office maximum by 7:00 pm but in', '\uf0b7 Employees with a track record of meeting performance goals and deadlines. \n \nGuidelines for WFH Policy: \n\uf0b7 Employees are allowed to work remotely for 48 days per year (4 days per month) upon the approval of \nmanager. \n\uf0b7 Additional days may require special written approval from the management (COO/CEO/CIO). \n\uf0b7 Unused WFH days cannot be carried over to the next month/year.']",WFH can be availed on **any working day except Monday and Friday**.,WFH can be availed on any working day except Monday and Friday.,0.6666666666666666,0.9999999999999997,0.49999999995,1.0
Can unused WFH days be carried forward?,"['manager. \n\uf0b7 Additional days may require special written approval from the management (COO/CEO/CIO). \n\uf0b7 Unused WFH days cannot be carried over to the next month/year. \n\uf0b7 In case of Work from home (WFH), employee needs to submit WFH request to the concern supervisor and HR via \nESS.', '\uf0b7 Employees with a track record of meeting performance goals and deadlines. \n \nGuidelines for WFH Policy: \n\uf0b7 Employees are allowed to work remotely for 48 days per year (4 days per month) upon the approval of \nmanager. \n\uf0b7 Additional days may require special written approval from the management (COO/CEO/CIO). \n\uf0b7 Unused WFH days cannot be carried over to the next month/year.', 'plan of WFH via ESS. \uf0b7 Employees are allowed to work remotely for 4 days per month upon the approval of manager. \uf0b7 Unused WFH days cannot be carried over to the next month or year.  Late Sittings:   \uf0b7 It is recommended that all employees should endeavor to leave the office maximum by 7:00 pm but in', '\uf0b7 In case of Work from home (WFH), employee needs to submit WFH request to the concern supervisor and HR via \nESS. \n\uf0b7 All WFH requests must be submitted at least 1 day in advance using the designated company portal.  \n\uf0b7 Managers must approve WFH requests based on project deadlines, team requirements, and individual \nperformance via ESS.', 'ESS. \n\uf0b7 All WFH requests must be submitted at least 1 day in advance using the designated company portal.  \n\uf0b7 Managers must approve WFH requests based on project deadlines, team requirements, and individual \nperformance via ESS.', 'performance via ESS. \n\uf0b7 Employees will receive written approval or denial with of their request within a day through ESS. \n\uf0b7 WFH can be avail on any working day except Monday and Friday. \nData Security and Technology Requirements: \n \n\uf0b7 Employees must ensure they have access to a secure internet connection and comply with the company’s cyber \nsecurity protocols while working remotely.']","No, unused WFH days cannot be carried over to the next month or year.",Unused WFH days cannot be carried over to the next month or year.,1.0,0.9708063356244431,0.9999999999666667,1.0
What security requirements apply when working from home?,"['Data Security and Technology Requirements: \n \n\uf0b7 Employees must ensure they have access to a secure internet connection and comply with the company’s cyber \nsecurity protocols while working remotely. \n\uf0b7 Sensitive company data should only be accessed through VPN or approved security platforms.', 'security protocols while working remotely. \n\uf0b7 Sensitive company data should only be accessed through VPN or approved security platforms. \n\uf0b7 Employees must regularly update their software and devices to meet the company’s security standards.', '\uf0b7 Employees must regularly update their software and devices to meet the company’s security standards.', '\uf0b7 If performance issues arise, WFH privileges may be revoked at management’s discretion. \nLegal and Compliance Considerations: \nWorking remotely from outside the country may require additional approval due to tax, visa, and legal considerations. \nEmployees must comply with all local labor laws. \nHealth and Safety:', 'Performance and Availability: \n\uf0b7 Employees are expected to maintain full availability during their regular working hours while working remotely, \nand must be responsive through company communication channels (e.g., email, Slack, phone).', 'Health and Safety: \nEmployees must ensure that their remote work environment is safe and conducive to productivity. The company is not \nresponsible for any injuries or accidents that occur while working remotely unless proven to be a result of employer \nnegligence. \nTermination of WFA Privileges:']","Based on the provided text, the security requirements that apply when working from home are:

1.  **Secure Internet Connection:** Employees must ensure they have access to a secure internet connection.
2.  **Compliance with Cybersecurity Protocols:** Employees must comply with the company’s cybersecurity protocols while working remotely.
3.  **VPN or Approved Security Platforms for Sensitive Data:** Sensitive company data should only be accessed through VPN or approved security platforms.
4.  **Regular Software and Device Updates:** Employees must regularly update their software and devices to meet the company’s security standards.","Employees must use a secure internet connection, comply with company cybersecurity protocols, access sensitive company data only through VPN or approved security platforms, and keep software and devices updated.",1.0,0.9486587187151304,0.49999999995,1.0
What are employees expected to do during WFH working hours?,"['Performance and Availability: \n\uf0b7 Employees are expected to maintain full availability during their regular working hours while working remotely, \nand must be responsive through company communication channels (e.g., email, Slack, phone).', 'Performance and Availability: \n\uf0b7 Employees are expected to maintain full availability during their regular working hours while working remotely, \nand must be responsive through company communication channels (e.g., email, Slack, phone). \n\uf0b7 Employees must meet all performance targets and adhere to deadlines, regardless of their location.', 'or performance concerns. \nConclusion: \n \nThe Work From Anywhere policy is designed to offer flexibility while maintaining high standards of productivity, \ncollaboration, and legal compliance. All employees are expected to abide by the limitations and requirements of this', '\uf0b7 In case of Work from home (WFH), employee needs to submit WFH request to the concern supervisor and HR via \nESS. \n\uf0b7 All WFH requests must be submitted at least 1 day in advance using the designated company portal.  \n\uf0b7 Managers must approve WFH requests based on project deadlines, team requirements, and individual \nperformance via ESS.', 'may be required to work outside their normal working hours depending upon the demands of their job role. \uf0b7 In case of Official Duty (Out of the office) or Work from home (WFH), employee needs to inform your supervisor and HR day before the meeting or plan of WFH via ESS. \uf0b7 Employees are allowed to', 'Work From Home Policy \nIssue # 0 \nEffective From                            November 1, 2024 \n \n \nTHIS DOCUMENT PROVIDES GUIDANCE AND IS EXCLUSIVELY FOR USE BY THE STAFF MEMBERS OF MONIT PRIVATE LIMITED. \nANY ACT OF DIVULGENCE SHALL BE VIEWED VERY SERIOUSLY AND SHALL WARRANT DISCIPLINARY ACTION. \n \nPerformance and Availability:']","Based on the provided text, during WFH working hours, employees are expected to:

*   **Maintain full availability.**
*   **Be responsive through company communication channels** (e.g., email, Slack, phone).
*   **Meet all performance targets.**
*   **Adhere to deadlines.**","Employees are expected to maintain full availability during regular working hours and remain responsive through company communication channels such as email, Slack, and phone.",1.0,0.9999999999999997,0.99999999995,1.0
Can WFH privileges be revoked?,"['\uf0b7 Employees must meet all performance targets and adhere to deadlines, regardless of their location. \n\uf0b7 If performance issues arise, WFH privileges may be revoked at management’s discretion. \nLegal and Compliance Considerations:', '\uf0b7 If performance issues arise, WFH privileges may be revoked at management’s discretion. \nLegal and Compliance Considerations: \nWorking remotely from outside the country may require additional approval due to tax, visa, and legal considerations. \nEmployees must comply with all local labor laws. \nHealth and Safety:', ""negligence. \nTermination of WFA Privileges: \nWFA privileges may be terminated or adjusted at any time based on business needs, changes in the employee's role, \nor performance concerns. \nConclusion:"", 'Health and Safety: \nEmployees must ensure that their remote work environment is safe and conducive to productivity. The company is not \nresponsible for any injuries or accidents that occur while working remotely unless proven to be a result of employer \nnegligence. \nTermination of WFA Privileges:', 'ESS. \n\uf0b7 All WFH requests must be submitted at least 1 day in advance using the designated company portal.  \n\uf0b7 Managers must approve WFH requests based on project deadlines, team requirements, and individual \nperformance via ESS.', '\uf0b7 Employees with a track record of meeting performance goals and deadlines. \n \nGuidelines for WFH Policy: \n\uf0b7 Employees are allowed to work remotely for 48 days per year (4 days per month) upon the approval of \nmanager. \n\uf0b7 Additional days may require special written approval from the management (COO/CEO/CIO). \n\uf0b7 Unused WFH days cannot be carried over to the next month/year.']","Yes, WFH privileges can be revoked. The document states this multiple times:

*   ""If performance issues arise, WFH privileges may be revoked at management’s discretion.""
*   ""WFA privileges may be terminated or adjusted at any time based on business needs, changes in the employee's role, or performance concerns.""",Yes. WFH privileges may be revoked at management's discretion if performance issues arise.,1.0,1.0000000000000002,0.9999999999666667,1.0
Can an employee work remotely from outside the country?,"['Legal and Compliance Considerations: \nWorking remotely from outside the country may require additional approval due to tax, visa, and legal considerations. \nEmployees must comply with all local labor laws. \nHealth and Safety:', '\uf0b7 If performance issues arise, WFH privileges may be revoked at management’s discretion. \nLegal and Compliance Considerations: \nWorking remotely from outside the country may require additional approval due to tax, visa, and legal considerations. \nEmployees must comply with all local labor laws. \nHealth and Safety:', 'may be required to work outside their normal working hours depending upon the demands of their job role. \uf0b7 In case of Official Duty (Out of the office) or Work from home (WFH), employee needs to inform your supervisor and HR day before the meeting or plan of WFH via ESS. \uf0b7 Employees are allowed to', 'flexibility while maintaining company productivity, collaboration, and compliance with legal and operational \nrequirements. \nEligibility:  \nEmployees who wish to work from anywhere must meet the following criteria: \n\uf0b7 Professional employees who have completed 3 months of employment. \n\uf0b7 Employees whose roles and responsibilities can be effectively managed remotely.', '\uf0b7 Employees with a track record of meeting performance goals and deadlines. \n \nGuidelines for WFH Policy: \n\uf0b7 Employees are allowed to work remotely for 48 days per year (4 days per month) upon the approval of \nmanager.', 'Performance and Availability: \n\uf0b7 Employees are expected to maintain full availability during their regular working hours while working remotely, \nand must be responsive through company communication channels (e.g., email, Slack, phone). \n\uf0b7 Employees must meet all performance targets and adhere to deadlines, regardless of their location.']","Yes, an employee can work remotely from outside the country, but it requires **additional approval** due to tax, visa, and legal considerations.

The text explicitly states: ""Working remotely from outside the country may require additional approval due to tax, visa, and legal considerations.""","Working remotely from outside the country may require additional approval because of tax, visa, and legal considerations, and employees must comply with local labor laws.",1.0,0.9999999999999997,0.99999999995,1.0
